Workbook

Sheet Invoice_Data
A1: InvoiceNo | B1: CustomerID | C1: month | D1: InvoiceDate | E1: Qty_Inv | F1: UnitPrice | G1: Total_Amount
A2: INV0001 | B2: C004 | C2: =TEXT(D2,"mmmm") -> January | D2: 2025-01-09 | E2: 100 | F2: 200000 | G2: 20000000
A3: INV0002 | B3: C024 | C3: =TEXT(D3,"mmmm") -> August | D3: 2025-08-23 | E3: 21 | F3: 100000 | G3: 2100000
A4: INV0003 | B4: C032 | C4: =TEXT(D4,"mmmm") -> May | D4: 2025-05-04 | E4: 90 | F4: 150000 | G4: 13500000
A5: INV0004 | B5: C027 | C5: =TEXT(D5,"mmmm") -> July | D5: 2025-07-16 | E5: 93 | F5: 75000 | G5: 6975000
A6: INV0005 | B6: C027 | C6: =TEXT(D6,"mmmm") -> March | D6: 2025-03-28 | E6: 35 | F6: 100000 | G6: 3500000
A7: INV0006 | B7: C010 | C7: =TEXT(D7,"mmmm") -> February | D7: 2025-02-20 | E7: 95 | F7: 50000 | G7: 4750000
A8: INV0007 | B8: C008 | C8: =TEXT(D8,"mmmm") -> May | D8: 2025-05-23 | E8: 13 | F8: 50000 | G8: 650000
A9: INV0008 | B9: C033 | C9: =TEXT(D9,"mmmm") -> January | D9: 2025-01-20 | E9: 34 | F9: 150000 | G9: 5100000
A10: INV0009 | B10: C015 | C10: =TEXT(D10,"mmmm") -> December | D10: 2025-12-02 | E10: 24 | F10: 100000 | G10: 2400000
A11: INV0010 | B11: C035 | C11: =TEXT(D11,"mmmm") -> July | D11: 2025-07-11 | E11: 75 | F11: 150000 | G11: 11250000
A12: INV0011 | B12: C017 | C12: =TEXT(D12,"mmmm") -> May | D12: 2025-05-08 | E12: 97 | F12: 150000 | G12: 14550000
A13: INV0012 | B13: C013 | C13: =TEXT(D13,"mmmm") -> July | D13: 2025-07-21 | E13: 98 | F13: 150000 | G13: 14700000
... A301: INV0300 | B301: C036 | C301: =TEXT(D301,"mmmm") -> March | D301: 2025-03-17 | E301: 57 | F301: 150000 | G301: 8550000

Sheet Delivery_Order
A1: DO_No | B1: InvoiceNo | C1: Qty_Delivered
A2: DO0001 | B2: INV0001 | C2: 100
A3: DO0002 | B3: INV0002 | C3: 21
A4: DO0003 | B4: INV0003 | C4: 90
A5: DO0004 | B5: INV0004 | C5: 93
A6: DO0005 | B6: INV0005 | C6: 35
A7: DO0006 | B7: INV0006 | C7: 91
A8: DO0007 | B8: INV0007 | C8: 13
A9: DO0008 | B9: INV0008 | C9: 34
A10: DO0009 | B10: INV0009 | C10: 24
A11: DO0010 | B11: INV0010 | C11: 71
A12: DO0011 | B12: INV0011 | C12: 97
A13: DO0012 | B13: INV0012 | C13: 98
... A301: DO0300 | B301: INV0300 | C301: 57

Sheet Verification
A1: InvoiceNo | B1: Qty_Inv | C1: Qty_Delivered | D1: Status
A2: INV0001 | B2: =_xlfn.XLOOKUP(A2,Invoice_Data!A2,Invoice_Data!E2) -> 100 | C2: =_xlfn.XLOOKUP(A2,Delivery_Order!B2,Delivery_Order!C2) -> 100 | D2: =IF(B2=C2,"MATCH","MISSMATCH") -> MATCH
A3: INV0002 | B3: =_xlfn.XLOOKUP(A3,Invoice_Data!A3,Invoice_Data!E3) -> 21 | C3: =_xlfn.XLOOKUP(A3,Delivery_Order!B3,Delivery_Order!C3) -> 21 | D3: =IF(B3=C3,"MATCH","MISSMATCH") -> MATCH
A4: INV0003 | B4: =_xlfn.XLOOKUP(A4,Invoice_Data!A4,Invoice_Data!E4) -> 90 | C4: =_xlfn.XLOOKUP(A4,Delivery_Order!B4,Delivery_Order!C4) -> 90 | D4: =IF(B4=C4,"MATCH","MISSMATCH") -> MATCH
A5: INV0004 | B5: =_xlfn.XLOOKUP(A5,Invoice_Data!A5,Invoice_Data!E5) -> 93 | C5: =_xlfn.XLOOKUP(A5,Delivery_Order!B5,Delivery_Order!C5) -> 93 | D5: =IF(B5=C5,"MATCH","MISSMATCH") -> MATCH
A6: INV0005 | B6: =_xlfn.XLOOKUP(A6,Invoice_Data!A6,Invoice_Data!E6) -> 35 | C6: =_xlfn.XLOOKUP(A6,Delivery_Order!B6,Delivery_Order!C6) -> 35 | D6: =IF(B6=C6,"MATCH","MISSMATCH") -> MATCH
A7: INV0006 | B7: =_xlfn.XLOOKUP(A7,Invoice_Data!A7,Invoice_Data!E7) -> 95 | C7: =_xlfn.XLOOKUP(A7,Delivery_Order!B7,Delivery_Order!C7) -> 91 | D7: =IF(B7=C7,"MATCH","MISSMATCH") -> MISSMATCH
A8: INV0007 | B8: =_xlfn.XLOOKUP(A8,Invoice_Data!A8,Invoice_Data!E8) -> 13 | C8: =_xlfn.XLOOKUP(A8,Delivery_Order!B8,Delivery_Order!C8) -> 13 | D8: =IF(B8=C8,"MATCH","MISSMATCH") -> MATCH
A9: INV0008 | B9: =_xlfn.XLOOKUP(A9,Invoice_Data!A9,Invoice_Data!E9) -> 34 | C9: =_xlfn.XLOOKUP(A9,Delivery_Order!B9,Delivery_Order!C9) -> 34 | D9: =IF(B9=C9,"MATCH","MISSMATCH") -> MATCH
A10: INV0009 | B10: =_xlfn.XLOOKUP(A10,Invoice_Data!A10,Invoice_Data!E10) -> 24 | C10: =_xlfn.XLOOKUP(A10,Delivery_Order!B10,Delivery_Order!C10) -> 24 | D10: =IF(B10=C10,"MATCH","MISSMATCH") -> MATCH
A11: INV0010 | B11: =_xlfn.XLOOKUP(A11,Invoice_Data!A11,Invoice_Data!E11) -> 75 | C11: =_xlfn.XLOOKUP(A11,Delivery_Order!B11,Delivery_Order!C11) -> 71 | D11: =IF(B11=C11,"MATCH","MISSMATCH") -> MISSMATCH
A12: INV0011 | B12: =_xlfn.XLOOKUP(A12,Invoice_Data!A12,Invoice_Data!E12) -> 97 | C12: =_xlfn.XLOOKUP(A12,Delivery_Order!B12,Delivery_Order!C12) -> 97 | D12: =IF(B12=C12,"MATCH","MISSMATCH") -> MATCH
A13: INV0012 | B13: =_xlfn.XLOOKUP(A13,Invoice_Data!A13,Invoice_Data!E13) -> 98 | C13: =_xlfn.XLOOKUP(A13,Delivery_Order!B13,Delivery_Order!C13) -> 98 | D13: =IF(B13=C13,"MATCH","MISSMATCH") -> MATCH
... A301: INV0300 | B301: =_xlfn.XLOOKUP(A301,Invoice_Data!A301,Invoice_Data!E301) -> 57 | C301: =_xlfn.XLOOKUP(A301,Delivery_Order!B301,Delivery_Order!C301) -> 57 | D301: =IF(B301=C301,"MATCH","MISSMATCH") -> MATCH

Sheet Detail1
A1: Details for Sum of Total_Amount - InvoiceNo: INV0003
A3: InvoiceNo | B3: CustomerID | C3: InvoiceDate | D3: Qty_Inv | E3: UnitPrice | F3: Total_Amount
A4: INV0003 | B4: C032 | C4: 2025-05-04 | D4: 90 | E4: 150000 | F4: 13500000

Sheet Pivot Status
E1: Row Labels | F1: Sum of Total_Amount
E2: INV0001 | F2: 20000000
A3: Row Labels | B3: Count of InvoiceNo | E3: INV0029 | F3: 18600000 | H3: Row Labels | I3: Sum of Total_Amount
A4: MATCH | B4: 282 | E4: INV0063 | F4: 18800000 | H4: January | I4: 181475000
A5: MISSMATCH | B5: 18 | E5: INV0183 | F5: 18800000 | H5: February | I5: 172075000
A6: Grand Total | B6: 300 | E6: INV0257 | F6: 18800000 | H6: March | I6: 216350000
E7: INV0268 | F7: 18600000 | H7: April | I7: 116875000
E8: Grand Total | F8: 113600000 | H8: May | I8: 136075000
A9: Total Invoice | B9: =COUNTA(Invoice_Data!A:A)-1 -> 300 | H9: June | I9: 116025000
H10: July | I10: 204700000
A11: Total Billing | B11: =SUM(Invoice_Data!G:G) -> 1875075000 | H11: August | I11: 157500000
H12: September | I12: 147425000
A13: Pending Invoice | B13: =COUNTIF(Verification!D:D,"MISSMATCH") -> 18 | H13: October | I13: 159175000
H14: November | I14: 146700000
A15: match rate | B15: =COUNTIF(Verification!D:D,"MATCH")/(COUNTA(Verification!D:D)-1) -> 0.94 | H15: December | I15: 120700000
H16: Grand Total | I16: 1875075000
H20: Count of InvoiceNo
H21: 300
H24: Sum of Total_Amount
H25: 1875075000
H27: H
H28: 300

Sheet Dashboard
